1,Thu 12 Oct 2017 07:00:00
2,Thu 12 Oct 2017 07:05:00
3,Thu 12 Oct 2017 07:10:00
4,Thu 12 Oct 2017 07:15:00
5,Thu 12 Oct 2017 07:20:00
6,Thu 12 Oct 2017 07:25:00
7,Thu 12 Oct 2017 07:30:00
8,Thu 12 Oct 2017 07:35:00
9,Thu 12 Oct 2017 07:40:00
10,Thu 12 Oct 2017 07:45:00
11,Thu 12 Oct 2017 07:50:00
12,Thu 12 Oct 2017 07:55:00
13,Thu 12 Oct 2017 08:00:00
14,Thu 12 Oct 2017 08:05:00
15,Thu 12 Oct 2017 08:10:00
16,Thu 12 Oct 2017 08:15:00
17,Thu 12 Oct 2017 08:20:00
18,Thu 12 Oct 2017 08:25:00
19,Thu 12 Oct 2017 08:30:00
20,Thu 12 Oct 2017 08:35:00
21,Thu 12 Oct 2017 08:40:00
22,Thu 12 Oct 2017 08:45:00
23,Thu 12 Oct 2017 08:50:00
24,Thu 12 Oct 2017 08:55:00
25,Thu 12 Oct 2017 09:00:00
26,Thu 12 Oct 2017 09:05:00
27,Thu 12 Oct 2017 09:10:00
28,Thu 12 Oct 2017 09:15:00
29,Thu 12 Oct 2017 09:20:00
30,Thu 12 Oct 2017 09:25:00
31,Thu 12 Oct 2017 09:30:00
32,Thu 12 Oct 2017 09:35:00
33,Thu 12 Oct 2017 09:40:00
34,Thu 12 Oct 2017 09:45:00
35,Thu 12 Oct 2017 09:50:00
36,Thu 12 Oct 2017 09:55:00
37,Thu 12 Oct 2017 10:00:00
38,Thu 12 Oct 2017 10:05:00
39,Thu 12 Oct 2017 10:10:00
40,Thu 12 Oct 2017 10:15:00
41,Thu 12 Oct 2017 10:20:00
42,Thu 12 Oct 2017 10:25:00
43,Thu 12 Oct 2017 10:30:00
44,Thu 12 Oct 2017 10:35:00
45,Thu 12 Oct 2017 10:40:00
46,Thu 12 Oct 2017 10:45:00
47,Thu 12 Oct 2017 10:50:00
48,Thu 12 Oct 2017 10:55:00
49,Thu 12 Oct 2017 11:00:00
50,Thu 12 Oct 2017 11:05:00
51,Thu 12 Oct 2017 11:10:00
52,Thu 12 Oct 2017 11:15:00
53,Thu 12 Oct 2017 11:20:00
54,Thu 12 Oct 2017 11:25:00
55,Thu 12 Oct 2017 11:30:00
56,Thu 12 Oct 2017 11:35:00
57,Thu 12 Oct 2017 11:40:00
58,Thu 12 Oct 2017 11:45:00
59,Thu 12 Oct 2017 11:50:00
60,Thu 12 Oct 2017 11:55:00
61,Thu 12 Oct 2017 12:00:00
62,Thu 12 Oct 2017 12:05:00
63,Thu 12 Oct 2017 12:10:00
64,Thu 12 Oct 2017 12:15:00
65,Thu 12 Oct 2017 12:20:00
66,Thu 12 Oct 2017 12:25:00
67,Thu 12 Oct 2017 12:30:00
68,Thu 12 Oct 2017 12:35:00
69,Thu 12 Oct 2017 12:40:00
70,Thu 12 Oct 2017 12:45:00
71,Thu 12 Oct 2017 12:50:00
72,Thu 12 Oct 2017 12:55:00
73,Thu 12 Oct 2017 13:00:00
74,Thu 12 Oct 2017 13:05:00
75,Thu 12 Oct 2017 13:10:00
76,Thu 12 Oct 2017 13:15:00
77,Thu 12 Oct 2017 13:20:00
78,Thu 12 Oct 2017 13:25:00
79,Thu 12 Oct 2017 13:30:00
80,Thu 12 Oct 2017 13:35:00
81,Thu 12 Oct 2017 13:40:00
82,Thu 12 Oct 2017 13:45:00
83,Thu 12 Oct 2017 13:50:00
84,Thu 12 Oct 2017 13:55:00
85,Thu 12 Oct 2017 14:00:00
86,Thu 12 Oct 2017 14:05:00
87,Thu 12 Oct 2017 14:10:00
88,Thu 12 Oct 2017 14:15:00
89,Thu 12 Oct 2017 14:20:00
90,Thu 12 Oct 2017 14:25:00
91,Thu 12 Oct 2017 14:30:00
92,Thu 12 Oct 2017 14:35:00
93,Thu 12 Oct 2017 14:40:00
94,Thu 12 Oct 2017 14:45:00
95,Thu 12 Oct 2017 14:50:00
96,Thu 12 Oct 2017 14:55:00
97,Thu 12 Oct 2017 15:00:00
98,Thu 12 Oct 2017 15:05:00
99,Thu 12 Oct 2017 15:10:00
100,Thu 12 Oct 2017 15:15:00
101,Thu 12 Oct 2017 15:20:00
102,Thu 12 Oct 2017 15:25:00
103,Thu 12 Oct 2017 15:30:00
104,Thu 12 Oct 2017 15:35:00
105,Thu 12 Oct 2017 15:40:00
106,Thu 12 Oct 2017 15:45:00
107,Thu 12 Oct 2017 15:50:00
108,Thu 12 Oct 2017 15:55:00
109,Thu 12 Oct 2017 16:00:00
110,Thu 12 Oct 2017 16:05:00
111,Thu 12 Oct 2017 16:10:00
112,Thu 12 Oct 2017 16:15:00
113,Thu 12 Oct 2017 16:20:00
114,Thu 12 Oct 2017 16:25:00
115,Thu 12 Oct 2017 16:30:00
116,Thu 12 Oct 2017 16:35:00
117,Thu 12 Oct 2017 16:40:00
118,Thu 12 Oct 2017 16:45:00
119,Thu 12 Oct 2017 16:50:00
120,Thu 12 Oct 2017 16:55:00
121,Thu 12 Oct 2017 17:00:00
122,Thu 12 Oct 2017 17:05:00
123,Thu 12 Oct 2017 17:10:00
124,Thu 12 Oct 2017 17:15:00
125,Thu 12 Oct 2017 17:20:00
126,Thu 12 Oct 2017 17:25:00
127,Thu 12 Oct 2017 17:30:00
128,Thu 12 Oct 2017 17:35:00
129,Thu 12 Oct 2017 17:40:00
130,Thu 12 Oct 2017 17:45:00
131,Thu 12 Oct 2017 17:50:00
132,Thu 12 Oct 2017 17:55:00
133,Thu 12 Oct 2017 18:00:00
134,Thu 12 Oct 2017 18:05:00
135,Thu 12 Oct 2017 18:10:00
136,Thu 12 Oct 2017 18:15:00
137,Thu 12 Oct 2017 18:20:00
138,Thu 12 Oct 2017 18:25:00
139,Thu 12 Oct 2017 18:30:00
140,Thu 12 Oct 2017 18:35:00
141,Thu 12 Oct 2017 18:40:00
142,Thu 12 Oct 2017 18:45:00
143,Thu 12 Oct 2017 18:50:00
144,Thu 12 Oct 2017 18:55:00
145,Thu 12 Oct 2017 19:00:00
146,Thu 12 Oct 2017 19:05:00
147,Thu 12 Oct 2017 19:10:00
148,Thu 12 Oct 2017 19:15:00
149,Thu 12 Oct 2017 19:20:00
150,Thu 12 Oct 2017 19:25:00
151,Thu 12 Oct 2017 19:30:00
152,Thu 12 Oct 2017 19:35:00
153,Thu 12 Oct 2017 19:40:00
154,Thu 12 Oct 2017 19:45:00
155,Thu 12 Oct 2017 19:50:00
156,Thu 12 Oct 2017 19:55:00
157,Thu 12 Oct 2017 20:00:00
158,Thu 12 Oct 2017 20:05:00
159,Thu 12 Oct 2017 20:10:00
160,Thu 12 Oct 2017 20:15:00
161,Thu 12 Oct 2017 20:20:00
162,Thu 12 Oct 2017 20:25:00
163,Thu 12 Oct 2017 20:30:00
164,Thu 12 Oct 2017 20:35:00
165,Thu 12 Oct 2017 20:40:00
166,Thu 12 Oct 2017 20:45:00
167,Thu 12 Oct 2017 20:50:00
168,Thu 12 Oct 2017 20:55:00
169,Thu 12 Oct 2017 21:00:00
170,Thu 12 Oct 2017 21:05:00
171,Thu 12 Oct 2017 21:10:00
172,Thu 12 Oct 2017 21:15:00
173,Thu 12 Oct 2017 21:20:00
174,Thu 12 Oct 2017 21:25:00
175,Thu 12 Oct 2017 21:30:00
176,Thu 12 Oct 2017 21:35:00
177,Thu 12 Oct 2017 21:40:00
178,Thu 12 Oct 2017 21:45:00
179,Thu 12 Oct 2017 21:50:00
180,Thu 12 Oct 2017 21:55:00
181,Thu 12 Oct 2017 22:00:00
182,Thu 12 Oct 2017 22:05:00
183,Thu 12 Oct 2017 22:10:00
184,Thu 12 Oct 2017 22:15:00
185,Thu 12 Oct 2017 22:20:00
186,Thu 12 Oct 2017 22:25:00
187,Thu 12 Oct 2017 22:30:00
188,Thu 12 Oct 2017 22:35:00
189,Thu 12 Oct 2017 22:40:00
190,Thu 12 Oct 2017 22:45:00
191,Thu 12 Oct 2017 22:50:00
192,Thu 12 Oct 2017 22:55:00
193,Fri 13 Oct 2017 07:00:00
194,Fri 13 Oct 2017 07:05:00
195,Fri 13 Oct 2017 07:10:00
196,Fri 13 Oct 2017 07:15:00
197,Fri 13 Oct 2017 07:20:00
198,Fri 13 Oct 2017 07:25:00
199,Fri 13 Oct 2017 07:30:00
200,Fri 13 Oct 2017 07:35:00
201,Fri 13 Oct 2017 07:40:00
202,Fri 13 Oct 2017 07:45:00
203,Fri 13 Oct 2017 07:50:00
204,Fri 13 Oct 2017 07:55:00
205,Fri 13 Oct 2017 08:00:00
206,Fri 13 Oct 2017 08:05:00
207,Fri 13 Oct 2017 08:10:00
208,Fri 13 Oct 2017 08:15:00
209,Fri 13 Oct 2017 08:20:00
210,Fri 13 Oct 2017 08:25:00
211,Fri 13 Oct 2017 08:30:00
212,Fri 13 Oct 2017 08:35:00
213,Fri 13 Oct 2017 08:40:00
214,Fri 13 Oct 2017 08:45:00
215,Fri 13 Oct 2017 08:50:00
216,Fri 13 Oct 2017 08:55:00
217,Fri 13 Oct 2017 09:00:00
218,Fri 13 Oct 2017 09:05:00
219,Fri 13 Oct 2017 09:10:00
220,Fri 13 Oct 2017 09:15:00
221,Fri 13 Oct 2017 09:20:00
222,Fri 13 Oct 2017 09:25:00
223,Fri 13 Oct 2017 09:30:00
224,Fri 13 Oct 2017 09:35:00
225,Fri 13 Oct 2017 09:40:00
226,Fri 13 Oct 2017 09:45:00
227,Fri 13 Oct 2017 09:50:00
228,Fri 13 Oct 2017 09:55:00
229,Fri 13 Oct 2017 10:00:00
230,Fri 13 Oct 2017 10:05:00
231,Fri 13 Oct 2017 10:10:00
232,Fri 13 Oct 2017 10:15:00
233,Fri 13 Oct 2017 10:20:00
234,Fri 13 Oct 2017 10:25:00
235,Fri 13 Oct 2017 10:30:00
236,Fri 13 Oct 2017 10:35:00
237,Fri 13 Oct 2017 10:40:00
238,Fri 13 Oct 2017 10:45:00
239,Fri 13 Oct 2017 10:50:00
240,Fri 13 Oct 2017 10:55:00
241,Fri 13 Oct 2017 11:00:00
242,Fri 13 Oct 2017 11:05:00
243,Fri 13 Oct 2017 11:10:00
244,Fri 13 Oct 2017 11:15:00
245,Fri 13 Oct 2017 11:20:00
246,Fri 13 Oct 2017 11:25:00
247,Fri 13 Oct 2017 11:30:00
248,Fri 13 Oct 2017 11:35:00
249,Fri 13 Oct 2017 11:40:00
250,Fri 13 Oct 2017 11:45:00
251,Fri 13 Oct 2017 11:50:00
252,Fri 13 Oct 2017 11:55:00
253,Fri 13 Oct 2017 12:00:00
254,Fri 13 Oct 2017 12:05:00
255,Fri 13 Oct 2017 12:10:00
256,Fri 13 Oct 2017 12:15:00
257,Fri 13 Oct 2017 12:20:00
258,Fri 13 Oct 2017 12:25:00
259,Fri 13 Oct 2017 12:30:00
260,Fri 13 Oct 2017 12:35:00
261,Fri 13 Oct 2017 12:40:00
262,Fri 13 Oct 2017 12:45:00
263,Fri 13 Oct 2017 12:50:00
264,Fri 13 Oct 2017 12:55:00
265,Fri 13 Oct 2017 13:00:00
266,Fri 13 Oct 2017 13:05:00
267,Fri 13 Oct 2017 13:10:00
268,Fri 13 Oct 2017 13:15:00
269,Fri 13 Oct 2017 13:20:00
270,Fri 13 Oct 2017 13:25:00
271,Fri 13 Oct 2017 13:30:00
272,Fri 13 Oct 2017 13:35:00
273,Fri 13 Oct 2017 13:40:00
274,Fri 13 Oct 2017 13:45:00
275,Fri 13 Oct 2017 13:50:00
276,Fri 13 Oct 2017 13:55:00
277,Fri 13 Oct 2017 14:00:00
278,Fri 13 Oct 2017 14:05:00
279,Fri 13 Oct 2017 14:10:00
280,Fri 13 Oct 2017 14:15:00
281,Fri 13 Oct 2017 14:20:00
282,Fri 13 Oct 2017 14:25:00
283,Fri 13 Oct 2017 14:30:00
284,Fri 13 Oct 2017 14:35:00
285,Fri 13 Oct 2017 14:40:00
286,Fri 13 Oct 2017 14:45:00
287,Fri 13 Oct 2017 14:50:00
288,Fri 13 Oct 2017 14:55:00
289,Fri 13 Oct 2017 15:00:00
290,Fri 13 Oct 2017 15:05:00
291,Fri 13 Oct 2017 15:10:00
292,Fri 13 Oct 2017 15:15:00
293,Fri 13 Oct 2017 15:20:00
294,Fri 13 Oct 2017 15:25:00
295,Fri 13 Oct 2017 15:30:00
296,Fri 13 Oct 2017 15:35:00
297,Fri 13 Oct 2017 15:40:00
298,Fri 13 Oct 2017 15:45:00
299,Fri 13 Oct 2017 15:50:00
300,Fri 13 Oct 2017 15:55:00
301,Fri 13 Oct 2017 16:00:00
302,Fri 13 Oct 2017 16:05:00
303,Fri 13 Oct 2017 16:10:00
304,Fri 13 Oct 2017 16:15:00
305,Fri 13 Oct 2017 16:20:00
306,Fri 13 Oct 2017 16:25:00
307,Fri 13 Oct 2017 16:30:00
308,Fri 13 Oct 2017 16:35:00
309,Fri 13 Oct 2017 16:40:00
310,Fri 13 Oct 2017 16:45:00
311,Fri 13 Oct 2017 16:50:00
312,Fri 13 Oct 2017 16:55:00
313,Fri 13 Oct 2017 17:00:00
314,Fri 13 Oct 2017 17:05:00
315,Fri 13 Oct 2017 17:10:00
316,Fri 13 Oct 2017 17:15:00
317,Fri 13 Oct 2017 17:20:00
318,Fri 13 Oct 2017 17:25:00
319,Fri 13 Oct 2017 17:30:00
320,Fri 13 Oct 2017 17:35:00
321,Fri 13 Oct 2017 17:40:00
322,Fri 13 Oct 2017 17:45:00
323,Fri 13 Oct 2017 17:50:00
324,Fri 13 Oct 2017 17:55:00
325,Fri 13 Oct 2017 18:00:00
326,Fri 13 Oct 2017 18:05:00
327,Fri 13 Oct 2017 18:10:00
328,Fri 13 Oct 2017 18:15:00
329,Fri 13 Oct 2017 18:20:00
330,Fri 13 Oct 2017 18:25:00
331,Fri 13 Oct 2017 18:30:00
332,Fri 13 Oct 2017 18:35:00
333,Fri 13 Oct 2017 18:40:00
334,Fri 13 Oct 2017 18:45:00
335,Fri 13 Oct 2017 18:50:00
336,Fri 13 Oct 2017 18:55:00
337,Fri 13 Oct 2017 19:00:00
338,Fri 13 Oct 2017 19:05:00
339,Fri 13 Oct 2017 19:10:00
340,Fri 13 Oct 2017 19:15:00
341,Fri 13 Oct 2017 19:20:00
342,Fri 13 Oct 2017 19:25:00
343,Fri 13 Oct 2017 19:30:00
344,Fri 13 Oct 2017 19:35:00
345,Fri 13 Oct 2017 19:40:00
346,Fri 13 Oct 2017 19:45:00
347,Fri 13 Oct 2017 19:50:00
348,Fri 13 Oct 2017 19:55:00
349,Fri 13 Oct 2017 20:00:00
350,Fri 13 Oct 2017 20:05:00
351,Fri 13 Oct 2017 20:10:00
352,Fri 13 Oct 2017 20:15:00
353,Fri 13 Oct 2017 20:20:00
354,Fri 13 Oct 2017 20:25:00
355,Fri 13 Oct 2017 20:30:00
356,Fri 13 Oct 2017 20:35:00
357,Fri 13 Oct 2017 20:40:00
358,Fri 13 Oct 2017 20:45:00
359,Fri 13 Oct 2017 20:50:00
360,Fri 13 Oct 2017 20:55:00
361,Fri 13 Oct 2017 21:00:00
362,Fri 13 Oct 2017 21:05:00
363,Fri 13 Oct 2017 21:10:00
364,Fri 13 Oct 2017 21:15:00
365,Fri 13 Oct 2017 21:20:00
366,Fri 13 Oct 2017 21:25:00
367,Fri 13 Oct 2017 21:30:00
368,Fri 13 Oct 2017 21:35:00
369,Fri 13 Oct 2017 21:40:00
370,Fri 13 Oct 2017 21:45:00
371,Fri 13 Oct 2017 21:50:00
372,Fri 13 Oct 2017 21:55:00
373,Fri 13 Oct 2017 22:00:00
374,Fri 13 Oct 2017 22:05:00
375,Fri 13 Oct 2017 22:10:00
376,Fri 13 Oct 2017 22:15:00
377,Fri 13 Oct 2017 22:20:00
378,Fri 13 Oct 2017 22:25:00
379,Fri 13 Oct 2017 22:30:00
380,Fri 13 Oct 2017 22:35:00
381,Fri 13 Oct 2017 22:40:00
382,Fri 13 Oct 2017 22:45:00
383,Fri 13 Oct 2017 22:50:00
384,Fri 13 Oct 2017 22:55:00
385,Sat 14 Oct 2017 07:00:00
386,Sat 14 Oct 2017 07:05:00
387,Sat 14 Oct 2017 07:10:00
388,Sat 14 Oct 2017 07:15:00
389,Sat 14 Oct 2017 07:20:00
390,Sat 14 Oct 2017 07:25:00
391,Sat 14 Oct 2017 07:30:00
392,Sat 14 Oct 2017 07:35:00
393,Sat 14 Oct 2017 07:40:00
394,Sat 14 Oct 2017 07:45:00
395,Sat 14 Oct 2017 07:50:00
396,Sat 14 Oct 2017 07:55:00
397,Sat 14 Oct 2017 08:00:00
398,Sat 14 Oct 2017 08:05:00
399,Sat 14 Oct 2017 08:10:00
400,Sat 14 Oct 2017 08:15:00
401,Sat 14 Oct 2017 08:20:00
402,Sat 14 Oct 2017 08:25:00
403,Sat 14 Oct 2017 08:30:00
404,Sat 14 Oct 2017 08:35:00
405,Sat 14 Oct 2017 08:40:00
406,Sat 14 Oct 2017 08:45:00
407,Sat 14 Oct 2017 08:50:00
408,Sat 14 Oct 2017 08:55:00
409,Sat 14 Oct 2017 09:00:00
410,Sat 14 Oct 2017 09:05:00
411,Sat 14 Oct 2017 09:10:00
412,Sat 14 Oct 2017 09:15:00
413,Sat 14 Oct 2017 09:20:00
414,Sat 14 Oct 2017 09:25:00
415,Sat 14 Oct 2017 09:30:00
416,Sat 14 Oct 2017 09:35:00
417,Sat 14 Oct 2017 09:40:00
418,Sat 14 Oct 2017 09:45:00
419,Sat 14 Oct 2017 09:50:00
420,Sat 14 Oct 2017 09:55:00
421,Sat 14 Oct 2017 10:00:00
422,Sat 14 Oct 2017 10:05:00
423,Sat 14 Oct 2017 10:10:00
424,Sat 14 Oct 2017 10:15:00
425,Sat 14 Oct 2017 10:20:00
426,Sat 14 Oct 2017 10:25:00
427,Sat 14 Oct 2017 10:30:00
428,Sat 14 Oct 2017 10:35:00
429,Sat 14 Oct 2017 10:40:00
430,Sat 14 Oct 2017 10:45:00
431,Sat 14 Oct 2017 10:50:00
432,Sat 14 Oct 2017 10:55:00
433,Sat 14 Oct 2017 11:00:00
434,Sat 14 Oct 2017 11:05:00
435,Sat 14 Oct 2017 11:10:00
436,Sat 14 Oct 2017 11:15:00
437,Sat 14 Oct 2017 11:20:00
438,Sat 14 Oct 2017 11:25:00
439,Sat 14 Oct 2017 11:30:00
440,Sat 14 Oct 2017 11:35:00
441,Sat 14 Oct 2017 11:40:00
442,Sat 14 Oct 2017 11:45:00
443,Sat 14 Oct 2017 11:50:00
444,Sat 14 Oct 2017 11:55:00
445,Sat 14 Oct 2017 12:00:00
446,Sat 14 Oct 2017 12:05:00
447,Sat 14 Oct 2017 12:10:00
448,Sat 14 Oct 2017 12:15:00
449,Sat 14 Oct 2017 12:20:00
450,Sat 14 Oct 2017 12:25:00
451,Sat 14 Oct 2017 12:30:00
452,Sat 14 Oct 2017 12:35:00
453,Sat 14 Oct 2017 12:40:00
454,Sat 14 Oct 2017 12:45:00
455,Sat 14 Oct 2017 12:50:00
456,Sat 14 Oct 2017 12:55:00
457,Sat 14 Oct 2017 13:00:00
458,Sat 14 Oct 2017 13:05:00
459,Sat 14 Oct 2017 13:10:00
460,Sat 14 Oct 2017 13:15:00
461,Sat 14 Oct 2017 13:20:00
462,Sat 14 Oct 2017 13:25:00
463,Sat 14 Oct 2017 13:30:00
464,Sat 14 Oct 2017 13:35:00
465,Sat 14 Oct 2017 13:40:00
466,Sat 14 Oct 2017 13:45:00
467,Sat 14 Oct 2017 13:50:00
468,Sat 14 Oct 2017 13:55:00
469,Sat 14 Oct 2017 14:00:00
470,Sat 14 Oct 2017 14:05:00
471,Sat 14 Oct 2017 14:10:00
472,Sat 14 Oct 2017 14:15:00
473,Sat 14 Oct 2017 14:20:00
474,Sat 14 Oct 2017 14:25:00
475,Sat 14 Oct 2017 14:30:00
476,Sat 14 Oct 2017 14:35:00
477,Sat 14 Oct 2017 14:40:00
478,Sat 14 Oct 2017 14:45:00
479,Sat 14 Oct 2017 14:50:00
480,Sat 14 Oct 2017 14:55:00
481,Sat 14 Oct 2017 15:00:00
482,Sat 14 Oct 2017 15:05:00
483,Sat 14 Oct 2017 15:10:00
484,Sat 14 Oct 2017 15:15:00
485,Sat 14 Oct 2017 15:20:00
486,Sat 14 Oct 2017 15:25:00
487,Sat 14 Oct 2017 15:30:00
488,Sat 14 Oct 2017 15:35:00
489,Sat 14 Oct 2017 15:40:00
490,Sat 14 Oct 2017 15:45:00
491,Sat 14 Oct 2017 15:50:00
492,Sat 14 Oct 2017 15:55:00
493,Sat 14 Oct 2017 16:00:00
494,Sat 14 Oct 2017 16:05:00
495,Sat 14 Oct 2017 16:10:00
496,Sat 14 Oct 2017 16:15:00
497,Sat 14 Oct 2017 16:20:00
498,Sat 14 Oct 2017 16:25:00
499,Sat 14 Oct 2017 16:30:00
500,Sat 14 Oct 2017 16:35:00
501,Sat 14 Oct 2017 16:40:00
502,Sat 14 Oct 2017 16:45:00
503,Sat 14 Oct 2017 16:50:00
504,Sat 14 Oct 2017 16:55:00
505,Sat 14 Oct 2017 17:00:00
506,Sat 14 Oct 2017 17:05:00
507,Sat 14 Oct 2017 17:10:00
508,Sat 14 Oct 2017 17:15:00
509,Sat 14 Oct 2017 17:20:00
510,Sat 14 Oct 2017 17:25:00
511,Sat 14 Oct 2017 17:30:00
512,Sat 14 Oct 2017 17:35:00
513,Sat 14 Oct 2017 17:40:00
514,Sat 14 Oct 2017 17:45:00
515,Sat 14 Oct 2017 17:50:00
516,Sat 14 Oct 2017 17:55:00
517,Sat 14 Oct 2017 18:00:00
518,Sat 14 Oct 2017 18:05:00
519,Sat 14 Oct 2017 18:10:00
520,Sat 14 Oct 2017 18:15:00
521,Sat 14 Oct 2017 18:20:00
522,Sat 14 Oct 2017 18:25:00
523,Sat 14 Oct 2017 18:30:00
524,Sat 14 Oct 2017 18:35:00
525,Sat 14 Oct 2017 18:40:00
526,Sat 14 Oct 2017 18:45:00
527,Sat 14 Oct 2017 18:50:00
528,Sat 14 Oct 2017 18:55:00
529,Sat 14 Oct 2017 19:00:00
530,Sat 14 Oct 2017 19:05:00
531,Sat 14 Oct 2017 19:10:00
532,Sat 14 Oct 2017 19:15:00
533,Sat 14 Oct 2017 19:20:00
534,Sat 14 Oct 2017 19:25:00
535,Sat 14 Oct 2017 19:30:00
536,Sat 14 Oct 2017 19:35:00
537,Sat 14 Oct 2017 19:40:00
538,Sat 14 Oct 2017 19:45:00
539,Sat 14 Oct 2017 19:50:00
540,Sat 14 Oct 2017 19:55:00
541,Sat 14 Oct 2017 20:00:00
542,Sat 14 Oct 2017 20:05:00
543,Sat 14 Oct 2017 20:10:00
544,Sat 14 Oct 2017 20:15:00
545,Sat 14 Oct 2017 20:20:00
546,Sat 14 Oct 2017 20:25:00
547,Sat 14 Oct 2017 20:30:00
548,Sat 14 Oct 2017 20:35:00
549,Sat 14 Oct 2017 20:40:00
550,Sat 14 Oct 2017 20:45:00
551,Sat 14 Oct 2017 20:50:00
552,Sat 14 Oct 2017 20:55:00
553,Sat 14 Oct 2017 21:00:00
554,Sat 14 Oct 2017 21:05:00
555,Sat 14 Oct 2017 21:10:00
556,Sat 14 Oct 2017 21:15:00
557,Sat 14 Oct 2017 21:20:00
558,Sat 14 Oct 2017 21:25:00
559,Sat 14 Oct 2017 21:30:00
560,Sat 14 Oct 2017 21:35:00
561,Sat 14 Oct 2017 21:40:00
562,Sat 14 Oct 2017 21:45:00
563,Sat 14 Oct 2017 21:50:00
564,Sat 14 Oct 2017 21:55:00
565,Sat 14 Oct 2017 22:00:00
566,Sat 14 Oct 2017 22:05:00
567,Sat 14 Oct 2017 22:10:00
568,Sat 14 Oct 2017 22:15:00
569,Sat 14 Oct 2017 22:20:00
570,Sat 14 Oct 2017 22:25:00
571,Sat 14 Oct 2017 22:30:00
572,Sat 14 Oct 2017 22:35:00
573,Sat 14 Oct 2017 22:40:00
574,Sat 14 Oct 2017 22:45:00
575,Sat 14 Oct 2017 22:50:00
576,Sat 14 Oct 2017 22:55:00